trials.thisTrialN,trials.stepSize,trials.intensity,thisRow.t,notes,trial.started,fixation.started,grating.started,key_resp.started,fixation.stopped,grating.stopped,trial.stopped,corrAns,tilt,key_resp.corr,trials.response,key_resp.rt,participant,session,date,expName,expVersion,psychopyVersion,frameRate,expStart
0,2,10,0.0238183,,0.0065664,0.0238183,0.5230586,0.5230586,0.5401518,0.8228063,1.6116485,right,10,1,1,0.9940584,1,1,2025-09-02_09h50.01.980,untitled,,2025.1.1,59.90588785,2025-09-02 09h50.13.190618 +0530
1,2,8,1.622368,,1.6118873,1.622368,2.1243211,2.1243211,2.1243211,2.4394922,2.6073225,left,-8,1,1,0.4706179,1,1,2025-09-02_09h50.01.980,untitled,,2025.1.1,59.90588785,2025-09-02 09h50.13.190618 +0530
2,2,6,2.6232972,,2.6075215,2.6232972,3.1070587,3.1070587,3.1233689,3.4066707,3.6569988,left,-6,1,1,0.54102,1,1,2025-09-02_09h50.01.980,untitled,,2025.1.1,59.90588785,2025-09-02 09h50.13.190618 +0530
3,2,4,3.6733246,,3.6572361,3.6733246,4.1566302,4.1566302,4.1732465,4.4564777,4.7234806,left,-4,1,1,0.5623386,1,1,2025-09-02_09h50.01.980,untitled,,2025.1.1,59.90588785,2025-09-02 09h50.13.190618 +0530
4,2,2,4.739936,,4.7236517,4.739936,5.2231647,5.2231647,5.2397949,5.5231305,6.2239718,left,-2,1,1,0.9979896,1,1,2025-09-02_09h50.01.980,untitled,,2025.1.1,59.90588785,2025-09-02 09h50.13.190618 +0530
5,1,1,6.2401754,,6.224212,6.2401754,6.7235279,6.7235279,6.7400262,7.0231548,7.5735222,left,-1,0,0,0.8385121,1,1,2025-09-02_09h50.01.980,untitled,,2025.1.1,59.90588785,2025-09-02 09h50.13.190618 +0530
6,1,2,7.5897047,,7.5737446,7.5897047,8.073135,8.073135,8.0898823,8.373211,8.6077051,right,2,1,1,0.5186791,1,1,2025-09-02_09h50.01.980,untitled,,2025.1.1,59.90588785,2025-09-02 09h50.13.190618 +0530
7,1,2,8.6240759,,8.6080156,8.6240759,9.1235861,9.1235861,9.1235861,9.4233508,9.7239848,left,-2,1,1,0.5982722,1,1,2025-09-02_09h50.01.980,untitled,,2025.1.1,59.90588785,2025-09-02 09h50.13.190618 +0530
8,1,2,9.7398516,,9.7242496,9.7398516,10.2236357,10.2236357,10.2402071,10.5234685,10.7739314,right,2,1,1,0.5421864,1,1,2025-09-02_09h50.01.980,untitled,,2025.1.1,59.90588785,2025-09-02 09h50.13.190618 +0530
9,1,1,10.7899998,,10.7741117,10.7899998,11.2734013,11.2734013,11.2898092,11.573432,11.9569247,left,-1,1,1,0.6780054,1,1,2025-09-02_09h50.01.980,untitled,,2025.1.1,59.90588785,2025-09-02 09h50.13.190618 +0530
10,1,1,11.9732635,,11.9570941,11.9732635,12.4566068,12.4566068,12.4733652,12.7564151,13.107146,right,1,1,1,0.6418541,1,1,2025-09-02_09h50.01.980,untitled,,2025.1.1,59.90588785,2025-09-02 09h50.13.190618 +0530
11,1,1,13.1235403,,13.107371,13.1235403,13.6066441,13.6066441,13.6233856,13.9064343,14.1901272,left,-1,1,1,0.5783216,1,1,2025-09-02_09h50.01.980,untitled,,2025.1.1,59.90588785,2025-09-02 09h50.13.190618 +0530
12,1,1,14.2064584,,14.190335,14.2064584,14.6900844,14.6900844,14.7062358,14.9900872,15.7232821,left,-1,1,1,1.0218457,1,1,2025-09-02_09h50.01.980,untitled,,2025.1.1,59.90588785,2025-09-02 09h50.13.190618 +0530
13,1,1,15.7396176,,15.7234684,15.7396176,16.2235624,16.2235624,16.2401753,16.5235629,16.8569565,right,1,1,1,0.6212588,1,1,2025-09-02_09h50.01.980,untitled,,2025.1.1,59.90588785,2025-09-02 09h50.13.190618 +0530
14,1,1,16.8731152,,16.8572008,16.8731152,17.3566911,17.3566911,17.3731775,17.6564591,18.0071157,left,-1,1,1,0.6341527,1,1,2025-09-02_09h50.01.980,untitled,,2025.1.1,59.90588785,2025-09-02 09h50.13.190618 +0530
15,1,1,18.0231191,,18.0073283,18.0231191,18.5066086,18.5066086,18.5233421,18.8063551,19.0567482,right,1,1,1,0.5357213,1,1,2025-09-02_09h50.01.980,untitled,,2025.1.1,59.90588785,2025-09-02 09h50.13.190618 +0530
16,1,1,19.0733758,,19.056941,19.0733758,19.5565023,19.5565023,19.5732729,19.8566414,20.2074855,left,-1,1,1,0.648121,1,1,2025-09-02_09h50.01.980,untitled,,2025.1.1,59.90588785,2025-09-02 09h50.13.190618 +0530
17,1,1,20.2233646,,20.2077099,20.2233646,20.7084973,20.7084973,20.7253813,21.0078413,21.3742257,right,1,1,1,0.6506827,1,1,2025-09-02_09h50.01.980,untitled,,2025.1.1,59.90588785,2025-09-02 09h50.13.190618 +0530
18,1,1,21.3903976,,21.3744875,21.3903976,21.8753332,21.8753332,21.8919432,22.1753378,22.6588137,right,1,1,1,0.7804487,1,1,2025-09-02_09h50.01.980,untitled,,2025.1.1,59.90588785,2025-09-02 09h50.13.190618 +0530
19,1,1,22.6749439,,22.6592253,22.6749439,23.1582694,23.1582694,23.1749153,23.4562841,23.9736298,right,1,1,1,0.8062081,1,1,2025-09-02_09h50.01.980,untitled,,2025.1.1,59.90588785,2025-09-02 09h50.13.190618 +0530
20,1,1,23.9889976,,23.9738614,23.9889976,24.4742475,24.4742475,24.4898863,24.7732595,25.2240631,left,-1,1,1,0.7477262,1,1,2025-09-02_09h50.01.980,untitled,,2025.1.1,59.90588785,2025-09-02 09h50.13.190618 +0530
21,1,1,25.2399195,,25.2243471,25.2399195,25.7233516,25.7233516,25.7401069,26.0233861,26.2903641,left,-1,1,1,0.5591641,1,1,2025-09-02_09h50.01.980,untitled,,2025.1.1,59.90588785,2025-09-02 09h50.13.190618 +0530
22,1,1,26.3067338,,26.2906045,26.3067338,26.7900417,26.7900417,26.8067885,27.0896892,27.6237311,right,1,1,1,0.8329153,1,1,2025-09-02_09h50.01.980,untitled,,2025.1.1,59.90588785,2025-09-02 09h50.13.190618 +0530
23,1,1,27.6398728,,27.624007,27.6398728,28.1234781,28.1234781,28.1399901,28.4231805,28.7072293,right,1,1,1,0.5765329,1,1,2025-09-02_09h50.01.980,untitled,,2025.1.1,59.90588785,2025-09-02 09h50.13.190618 +0530
24,1,1,28.7233241,,28.7074756,28.7233241,29.2078773,29.2078773,29.2236381,29.5227739,29.7568822,right,1,1,1,0.5424764,1,1,2025-09-02_09h50.01.980,untitled,,2025.1.1,59.90588785,2025-09-02 09h50.13.190618 +0530
25,1,1,29.7731906,,29.7571279,29.7731906,30.2566294,30.2566294,30.2733828,30.5577086,30.8754497,right,1,1,1,0.6149845,1,1,2025-09-02_09h50.01.980,untitled,,2025.1.1,59.90588785,2025-09-02 09h50.13.190618 +0530
26,1,1,30.891367,,30.875721,30.891367,31.3746209,31.3746209,31.3915303,31.6753587,31.9250126,right,1,1,1,0.5370286,1,1,2025-09-02_09h50.01.980,untitled,,2025.1.1,59.90588785,2025-09-02 09h50.13.190618 +0530
27,1,1,31.9415479,,31.9252786,31.9415479,32.4245728,32.4245728,32.4416771,32.7255044,33.7927472,left,-1,1,1,1.3530381,1,1,2025-09-02_09h50.01.980,untitled,,2025.1.1,59.90588785,2025-09-02 09h50.13.190618 +0530
28,1,1,33.8086614,,33.793065,33.8086614,34.3086299,34.3086299,34.3086299,34.6087459,35.0599484,right,1,1,1,0.7351893,1,1,2025-09-02_09h50.01.980,untitled,,2025.1.1,59.90588785,2025-09-02 09h50.13.190618 +0530
29,1,1,35.0748743,,35.0602383,35.0748743,35.5757373,35.5757373,35.5757373,35.8751855,36.1769706,right,1,1,1,0.5979111,1,1,2025-09-02_09h50.01.980,untitled,,2025.1.1,59.90588785,2025-09-02 09h50.13.190618 +0530
30,1,1,36.1917061,,36.1773607,36.1917061,36.6922187,36.6922187,36.6922187,36.9907394,37.3927696,right,1,1,1,0.6973411,1,1,2025-09-02_09h50.01.980,untitled,,2025.1.1,59.90588785,2025-09-02 09h50.13.190618 +0530
31,1,1,37.4087941,,37.3930997,37.4087941,37.9092501,37.9092501,37.9092501,38.2082329,38.9443441,right,1,1,1,1.0332287,1,1,2025-09-02_09h50.01.980,untitled,,2025.1.1,59.90588785,2025-09-02 09h50.13.190618 +0530
32,1,1,38.957744,,38.9446154,38.957744,39.4589287,39.4589287,39.4589287,39.7735787,40.1417431,right,1,1,1,0.6804555,1,1,2025-09-02_09h50.01.980,untitled,,2025.1.1,59.90588785,2025-09-02 09h50.13.190618 +0530
33,1,1,40.1581356,,40.1420177,40.1581356,40.6413457,40.6413457,40.6584435,40.9398347,41.3243298,left,-1,1,1,0.6771064,1,1,2025-09-02_09h50.01.980,untitled,,2025.1.1,59.90588785,2025-09-02 09h50.13.190618 +0530
34,1,1,41.3417748,,41.3246,41.3417748,41.8241128,41.8241128,41.8415597,42.1249176,42.6078021,right,1,1,1,0.7779604,1,1,2025-09-02_09h50.01.980,untitled,,2025.1.1,59.90588785,2025-09-02 09h50.13.190618 +0530
35,1,1,42.6247895,,42.6080466,42.6247895,43.1084562,43.1084562,43.1250789,43.4088121,44.0102172,left,-1,1,1,0.8865504,1,1,2025-09-02_09h50.01.980,untitled,,2025.1.1,59.90588785,2025-09-02 09h50.13.190618 +0530
36,1,1,44.0234254,,44.0105353,44.0234254,44.5254192,44.5254192,44.5254192,44.8253776,45.1424599,right,1,1,1,0.6038568,1,1,2025-09-02_09h50.01.980,untitled,,2025.1.1,59.90588785,2025-09-02 09h50.13.190618 +0530
37,0.5,1,45.1582016,,45.1427434,45.1582016,45.6412524,45.6412524,45.6585813,45.9420536,46.4106489,left,-1,0,0,0.7684012,1,1,2025-09-02_09h50.01.980,untitled,,2025.1.1,59.90588785,2025-09-02 09h50.13.190618 +0530
38,0.5,1.5,46.4254713,,46.4110295,46.4254713,46.9237646,46.9237646,46.9237646,47.2256406,47.5608696,right,1.5,1,1,0.634601,1,1,2025-09-02_09h50.01.980,untitled,,2025.1.1,59.90588785,2025-09-02 09h50.13.190618 +0530
39,0.5,1.5,47.574564,,47.5611163,47.574564,48.0750406,48.0750406,48.0750406,48.3783812,48.9773986,left,-1.5,1,1,0.900893,1,1,2025-09-02_09h50.01.980,untitled,,2025.1.1,59.90588785,2025-09-02 09h50.13.190618 +0530
40,0.5,1.5,48.990949,,48.9776298,48.990949,49.4910181,49.4910181,49.4910181,49.7918788,50.158172,right,1.5,1,1,0.6651446,1,1,2025-09-02_09h50.01.980,untitled,,2025.1.1,59.90588785,2025-09-02 09h50.13.190618 +0530
41,0.5,1,50.1736931,,50.1583568,50.1736931,50.6586388,50.6586388,50.6752605,50.9580794,51.3095804,left,-1,1,1,0.6354459,1,1,2025-09-02_09h50.01.980,untitled,,2025.1.1,59.90588785,2025-09-02 09h50.13.190618 +0530
42,0.5,1,51.3255772,,51.3098188,51.3255772,51.825024,51.825024,51.825024,52.1244927,52.9942172,left,-1,1,1,1.1682169,1,1,2025-09-02_09h50.01.980,untitled,,2025.1.1,59.90588785,2025-09-02 09h50.13.190618 +0530
43,0.5,1,53.0086064,,52.9944842,53.0086064,53.5090155,53.5090155,53.5090155,53.8083499,54.4614734,left,-1,0,0,0.9494075,1,1,2025-09-02_09h50.01.980,untitled,,2025.1.1,59.90588785,2025-09-02 09h50.13.190618 +0530
44,0.5,1.5,54.4751206,,54.4620172,54.4751206,54.9755754,54.9755754,54.9755754,55.2757251,55.7600648,right,1.5,0,0,0.781012,1,1,2025-09-02_09h50.01.980,untitled,,2025.1.1,59.90588785,2025-09-02 09h50.13.190618 +0530
45,0.5,2,55.7753155,,55.7602971,55.7753155,56.2744711,56.2744711,56.2744711,56.5754086,56.892298,left,-2,1,1,0.6024276,1,1,2025-09-02_09h50.01.980,untitled,,2025.1.1,59.90588785,2025-09-02 09h50.13.190618 +0530
46,0.5,2,56.9076797,,56.8925575,56.9076797,57.3916188,57.3916188,57.4081812,57.6919379,58.0762955,left,-2,1,1,0.6821993,1,1,2025-09-02_09h50.01.980,untitled,,2025.1.1,59.90588785,2025-09-02 09h50.13.190618 +0530
47,0.5,2,58.0908692,,58.0765575,58.0908692,58.591353,58.591353,58.591353,58.8920067,59.2409739,right,2,1,1,0.6443516,1,1,2025-09-02_09h50.01.980,untitled,,2025.1.1,59.90588785,2025-09-02 09h50.13.190618 +0530
48,0.5,1.5,59.2583725,,59.2411978,59.2583725,59.7407303,59.7407303,59.7578656,60.0420553,60.4589543,left,-1.5,1,1,0.7143288,1,1,2025-09-02_09h50.01.980,untitled,,2025.1.1,59.90588785,2025-09-02 09h50.13.190618 +0530
49,0.5,1.5,60.4733682,,60.459357,60.4733682,60.9577079,60.9577079,60.9735256,61.2577334,61.7924317,right,1.5,1,1,0.8307558,1,1,2025-09-02_09h50.01.980,untitled,,2025.1.1,59.90588785,2025-09-02 09h50.13.190618 +0530
50,0.5,1.5,61.8086764,,61.7927361,61.8086764,62.3081262,62.3081262,62.3081262,62.6088418,62.9416909,right,1.5,1,1,0.6261474,1,1,2025-09-02_09h50.01.980,untitled,,2025.1.1,59.90588785,2025-09-02 09h50.13.190618 +0530
51,0.5,1,62.9586203,,62.9419383,62.9586203,63.4421335,63.4421335,63.4588184,63.7425462,64.4438257,left,-1,1,1,0.9993391,1,1,2025-09-02_09h50.01.980,untitled,,2025.1.1,59.90588785,2025-09-02 09h50.13.190618 +0530
52,0.5,1,64.4580196,,64.4440676,64.4580196,64.9411824,64.9411824,64.9588135,65.2428673,65.6102398,right,1,1,1,0.6647639,1,1,2025-09-02_09h50.01.980,untitled,,2025.1.1,59.90588785,2025-09-02 09h50.13.190618 +0530
53,0.5,1,65.625277,,65.6104729,65.625277,66.1246394,66.1246394,66.1246394,66.4264334,66.7421945,right,1,1,1,0.6033933,1,1,2025-09-02_09h50.01.980,untitled,,2025.1.1,59.90588785,2025-09-02 09h50.13.190618 +0530
54,0.5,1,66.7585759,,66.7424285,66.7585759,67.2419636,67.2419636,67.2586115,67.5425194,68.2775165,left,-1,0,0,1.0328964,1,1,2025-09-02_09h50.01.980,untitled,,2025.1.1,59.90588785,2025-09-02 09h50.13.190618 +0530
55,0.5,1.5,68.2926358,,68.2777766,68.2926358,68.7921866,68.7921866,68.7921866,69.0911733,69.4766681,left,-1.5,1,1,0.6719446,1,1,2025-09-02_09h50.01.980,untitled,,2025.1.1,59.90588785,2025-09-02 09h50.13.190618 +0530
56,0.5,1.5,69.4921241,,69.4769653,69.4921241,69.9924988,69.9924988,69.9924988,70.3090294,70.9925835,right,1.5,0,0,0.9886646,1,1,2025-09-02_09h50.01.980,untitled,,2025.1.1,59.90588785,2025-09-02 09h50.13.190618 +0530
57,0.5,2,71.00889,,70.9928994,71.00889,71.4913605,71.4913605,71.5087121,71.7918444,72.2422892,right,2,1,1,0.7463592,1,1,2025-09-02_09h50.01.980,untitled,,2025.1.1,59.90588785,2025-09-02 09h50.13.190618 +0530
58,0.5,2,72.2585854,,72.242524,72.2585854,72.7419558,72.7419558,72.7588566,73.0414024,73.4439042,right,2,1,1,0.6983899,1,1,2025-09-02_09h50.01.980,untitled,,2025.1.1,59.90588785,2025-09-02 09h50.13.190618 +0530
59,0.5,2,73.4588827,,73.4441909,73.4588827,73.9412534,73.9412534,73.9587432,74.2420715,74.8924893,right,2,1,1,0.9409579,1,1,2025-09-02_09h50.01.980,untitled,,2025.1.1,59.90588785,2025-09-02 09h50.13.190618 +0530
60,0.5,1.5,74.9083369,,74.8927919,74.9083369,75.3924223,75.3924223,75.408277,75.6919185,76.0098603,right,1.5,1,1,0.6132352,1,1,2025-09-02_09h50.01.980,untitled,,2025.1.1,59.90588785,2025-09-02 09h50.13.190618 +0530
61,0.5,1.5,76.0254474,,76.0101731,76.0254474,76.5255332,76.5255332,76.5255332,76.8246744,77.1923566,right,1.5,1,1,0.6580527,1,1,2025-09-02_09h50.01.980,untitled,,2025.1.1,59.90588785,2025-09-02 09h50.13.190618 +0530
62,0.5,1.5,77.2084106,,77.1925991,77.2084106,77.6925419,77.6925419,77.7089105,77.9925727,78.825109,left,-1.5,1,1,1.1220736,1,1,2025-09-02_09h50.01.980,untitled,,2025.1.1,59.90588785,2025-09-02 09h50.13.190618 +0530
63,0.5,1,78.8414485,,78.8253479,78.8414485,79.3254255,79.3254255,79.3421099,79.6403142,80.0091713,right,1,1,1,0.6726261,1,1,2025-09-02_09h50.01.980,untitled,,2025.1.1,59.90588785,2025-09-02 09h50.13.190618 +0530
64,0.5,1,80.0259292,,80.0094748,80.0259292,80.5093353,80.5093353,80.5249407,80.8238873,81.4424294,left,-1,0,0,0.9280489,1,1,2025-09-02_09h50.01.980,untitled,,2025.1.1,59.90588785,2025-09-02 09h50.13.190618 +0530
65,0.5,1.5,81.4589652,,81.4427483,81.4589652,81.942317,81.942317,81.9612636,82.242796,82.828371,left,-1.5,1,1,0.8687499,1,1,2025-09-02_09h50.01.980,untitled,,2025.1.1,59.90588785,2025-09-02 09h50.13.190618 +0530
66,0.5,1.5,82.8420771,,82.8285875,82.8420771,83.3416025,83.3416025,83.3416025,83.6419308,83.9283794,left,-1.5,1,1,0.5836444,1,1,2025-09-02_09h50.01.980,untitled,,2025.1.1,59.90588785,2025-09-02 09h50.13.190618 +0530
67,0.5,1.5,83.9424296,,83.9286572,83.9424296,84.4424633,84.4424633,84.4424633,84.7419346,85.058762,left,-1.5,1,1,0.6056403,1,1,2025-09-02_09h50.01.980,untitled,,2025.1.1,59.90588785,2025-09-02 09h50.13.190618 +0530
68,0.5,1,85.0756696,,85.0590204,85.0756696,85.5587238,85.5587238,85.5753172,85.8585989,86.4590452,left,-1,0,0,0.8863103,1,1,2025-09-02_09h50.01.980,untitled,,2025.1.1,59.90588785,2025-09-02 09h50.13.190618 +0530
69,0.5,1.5,86.4757186,,86.4593066,86.4757186,86.9588568,86.9588568,86.9756559,87.2754255,87.6246605,right,1.5,1,1,0.6580602,1,1,2025-09-02_09h50.01.980,untitled,,2025.1.1,59.90588785,2025-09-02 09h50.13.190618 +0530
70,0.5,1.5,87.6421218,,87.6249053,87.6421218,88.1247394,88.1247394,88.1426275,88.4259967,88.8275122,right,1.5,1,1,0.6995596,1,1,2025-09-02_09h50.01.980,untitled,,2025.1.1,59.90588785,2025-09-02 09h50.13.190618 +0530
71,0.5,1.5,88.8419583,,88.8277826,88.8419583,89.3419305,89.3419305,89.3419305,89.6416928,90.0092541,left,-1.5,1,1,0.6573752,1,1,2025-09-02_09h50.01.980,untitled,,2025.1.1,59.90588785,2025-09-02 09h50.13.190618 +0530
72,0.5,1,90.0254794,,90.0095578,90.0254794,90.5082883,90.5082883,90.5259926,90.808665,91.2077134,left,-1,1,1,0.6957875,1,1,2025-09-02_09h50.01.980,untitled,,2025.1.1,59.90588785,2025-09-02 09h50.13.190618 +0530
73,0.5,1,91.2236543,,91.207906,91.2236543,91.708216,91.708216,91.7256542,92.0076926,92.3597633,right,1,1,1,0.6397533,1,1,2025-09-02_09h50.01.980,untitled,,2025.1.1,59.90588785,2025-09-02 09h50.13.190618 +0530
74,0.5,1,92.375805,,92.360014,92.375805,92.8591441,92.8591441,92.8755078,93.1588372,93.6591716,left,-1,1,1,0.792815,1,1,2025-09-02_09h50.01.980,untitled,,2025.1.1,59.90588785,2025-09-02 09h50.13.190618 +0530
75,0.5,1,93.6744481,,93.6594321,93.6744481,94.158486,94.158486,94.1744321,94.4581566,94.8276102,right,1,1,1,0.6645831,1,1,2025-09-02_09h50.01.980,untitled,,2025.1.1,59.90588785,2025-09-02 09h50.13.190618 +0530
76,0.5,1,94.8419554,,94.827877,94.8419554,95.3420766,95.3420766,95.3420766,95.6414222,96.042705,left,-1,1,1,0.6981611,1,1,2025-09-02_09h50.01.980,untitled,,2025.1.1,59.90588785,2025-09-02 09h50.13.190618 +0530
77,0.5,1,96.0587151,,96.0429681,96.0587151,96.5420751,96.5420751,96.5584384,96.8417989,97.325131,right,1,1,1,0.7824005,1,1,2025-09-02_09h50.01.980,untitled,,2025.1.1,59.90588785,2025-09-02 09h50.13.190618 +0530
78,0.5,1,97.3410334,,97.3253789,97.3410334,97.8254816,97.8254816,97.8413827,98.1422692,98.4088057,right,1,1,1,0.5801685,1,1,2025-09-02_09h50.01.980,untitled,,2025.1.1,59.90588785,2025-09-02 09h50.13.190618 +0530
79,0.5,1,98.4255877,,98.4091061,98.4255877,98.9083209,98.9083209,98.924594,99.2087445,99.592153,left,-1,1,1,0.6739017,1,1,2025-09-02_09h50.01.980,untitled,,2025.1.1,59.90588785,2025-09-02 09h50.13.190618 +0530
80,0.5,1,99.6082705,,99.5924123,99.6082705,100.0915941,100.0915941,100.10794,100.3917549,100.7918774,right,1,1,1,0.6954775,1,1,2025-09-02_09h50.01.980,untitled,,2025.1.1,59.90588785,2025-09-02 09h50.13.190618 +0530
81,0.5,1,100.8077961,,100.7921352,100.8077961,101.2910866,101.2910866,101.3092581,101.5928162,101.8597966,right,1,1,1,0.5540415,1,1,2025-09-02_09h50.01.980,untitled,,2025.1.1,59.90588785,2025-09-02 09h50.13.190618 +0530
82,0.5,1,101.8754724,,101.8600888,101.8754724,102.3587109,102.3587109,102.3756258,102.6735495,103.1082037,left,-1,1,1,0.7446635,1,1,2025-09-02_09h50.01.980,untitled,,2025.1.1,59.90588785,2025-09-02 09h50.13.190618 +0530
83,0.5,1,103.1253673,,103.1084568,103.1253673,103.6089641,103.6089641,103.6258386,103.9090468,104.260268,left,-1,1,1,0.6469792,1,1,2025-09-02_09h50.01.980,untitled,,2025.1.1,59.90588785,2025-09-02 09h50.13.190618 +0530
84,0.5,1,104.2741488,,104.2605191,104.2741488,104.7757901,104.7757901,104.7757901,105.0757658,105.5097093,left,-1,1,1,0.7201731,1,1,2025-09-02_09h50.01.980,untitled,,2025.1.1,59.90588785,2025-09-02 09h50.13.190618 +0530
85,0.5,1,105.5257097,,105.5099989,105.5257097,106.0256309,106.0256309,106.0256309,106.3249999,106.8914314,right,1,1,1,0.8587315,1,1,2025-09-02_09h50.01.980,untitled,,2025.1.1,59.90588785,2025-09-02 09h50.13.190618 +0530
86,0.5,1,106.908264,,106.8916597,106.908264,107.3916537,107.3916537,107.4088946,107.6920347,108.0579574,left,-1,1,1,0.6579948,1,1,2025-09-02_09h50.01.980,untitled,,2025.1.1,59.90588785,2025-09-02 09h50.13.190618 +0530
87,0.5,1,108.075225,,108.0582376,108.075225,108.5580446,108.5580446,108.5749119,108.8583164,109.3102285,right,1,1,1,0.7517121,1,1,2025-09-02_09h50.01.980,untitled,,2025.1.1,59.90588785,2025-09-02 09h50.13.190618 +0530
88,0.5,1,109.3254813,,109.3104886,109.3254813,109.8252645,109.8252645,109.8252645,110.1253952,110.5933782,right,1,0,0,0.7625888,1,1,2025-09-02_09h50.01.980,untitled,,2025.1.1,59.90588785,2025-09-02 09h50.13.190618 +0530
89,0.5,1.5,110.6087959,,110.5938146,110.6087959,111.0968173,111.0968173,111.1077601,111.4094719,111.7760785,left,-1.5,1,1,0.6752885,1,1,2025-09-02_09h50.01.980,untitled,,2025.1.1,59.90588785,2025-09-02 09h50.13.190618 +0530
90,0.5,1.5,111.7925214,,111.7763488,111.7925214,112.2756341,112.2756341,112.2918061,112.5756544,112.7600992,left,-1.5,1,1,0.4809767,1,1,2025-09-02_09h50.01.980,untitled,,2025.1.1,59.90588785,2025-09-02 09h50.13.190618 +0530
91,0.5,1.5,112.7757574,,112.7603647,112.7757574,113.2757418,113.2757418,113.2757418,113.5759244,114.2106276,left,-1.5,1,1,0.9315751,1,1,2025-09-02_09h50.01.980,untitled,,2025.1.1,59.90588785,2025-09-02 09h50.13.190618 +0530
92,0.5,1,114.2243679,,114.2110161,114.2243679,114.7257706,114.7257706,114.7257706,115.0253973,115.8259372,right,1,0,0,1.0953716,1,1,2025-09-02_09h50.01.980,untitled,,2025.1.1,59.90588785,2025-09-02 09h50.13.190618 +0530
93,0.5,1.5,115.842664,,115.8262083,115.842664,116.3257761,116.3257761,116.3419977,116.6249224,116.9093548,right,1.5,1,1,0.5720836,1,1,2025-09-02_09h50.01.980,untitled,,2025.1.1,59.90588785,2025-09-02 09h50.13.190618 +0530
94,0.5,1.5,116.9272593,,116.9096956,116.9272593,117.4092125,117.4092125,117.4421656,117.708733,118.4970099,left,-1.5,1,1,1.0803056,1,1,2025-09-02_09h50.01.980,untitled,,2025.1.1,59.90588785,2025-09-02 09h50.13.190618 +0530
95,0.5,1.5,118.5076897,,118.4972486,118.5076897,119.0069852,119.0069852,119.0069852,119.3084015,119.5585358,left,-1.5,1,1,0.5385194,1,1,2025-09-02_09h50.01.980,untitled,,2025.1.1,59.90588785,2025-09-02 09h50.13.190618 +0530
96,0.5,1,119.5750289,,119.5588073,119.5750289,120.0585255,120.0585255,120.07541,120.3755725,120.7927564,left,-1,1,1,0.7304392,1,1,2025-09-02_09h50.01.980,untitled,,2025.1.1,59.90588785,2025-09-02 09h50.13.190618 +0530
97,0.5,1,120.8081048,,120.7930808,120.8081048,121.3089237,121.3089237,121.3089237,121.6086978,121.9255633,right,1,1,1,0.6013158,1,1,2025-09-02_09h50.01.980,untitled,,2025.1.1,59.90588785,2025-09-02 09h50.13.190618 +0530
98,0.5,1,121.9417679,,121.9259885,121.9417679,122.4252679,122.4252679,122.4419036,122.7252216,123.0425333,left,-1,1,1,0.6023163,1,1,2025-09-02_09h50.01.980,untitled,,2025.1.1,59.90588785,2025-09-02 09h50.13.190618 +0530
99,0.5,1,123.0586655,,123.0428566,123.0586655,123.5412855,123.5412855,123.5592722,123.8412228,124.3271452,left,-1,0,0,0.783264,1,1,2025-09-02_09h50.01.980,untitled,,2025.1.1,59.90588785,2025-09-02 09h50.13.190618 +0530
